id,full_name,created_at
15354e28-97cd-45da-a5af-1752d9323ce0,boudybdabedo,2026-03-10 19:58:25.229305+00
30c13c4a-0393-4e38-9b11-3e7aa828528e,Builder,2026-03-10 18:15:36.960012+00
4f5e3e73-e0ad-440c-875f-15b29293146c,Builder,2026-03-10 18:18:07.396684+00
66924827-c6dd-4aa7-8a96-0761a843de96,Test,2026-03-10 18:15:03.033324+00
7173ca97-b36d-45e6-b7a7-964c2ef38e48,Marawankhaled,2026-04-07 21:54:25.953501+00
734694fc-3595-4d2e-9ee0-48f344520386,ahmed yasser,2026-03-10 18:18:59.602768+00
93554d0b-eb5f-4211-9b56-9474e1cca126,ss,2026-04-07 20:54:52.83574+00
9fd17fb7-c29d-46a4-8432-558e9051fcff,Test,2026-03-10 19:42:53.504239+00
bf0d32c1-e33c-4469-b231-cc714f6cc3e1,"Marawan khaled ",2026-03-10 22:07:37.863759+00
c4ce1f9b-4af5-40f7-8019-0aa91ebafcbc,dgfd,2026-03-10 18:19:36.373919+00
d0aff5e3-fa05-447f-b173-fb6db93e4ac5,fgdg,2026-03-10 17:43:21.513563+00
e1ead59b-370a-49d9-b6af-26f8689a82cf,Builder,2026-03-10 18:16:42.479516+00
e54e98f8-bff7-4f55-96da-20f0a0087143,ahmed,2026-03-10 19:50:24.57876+00